begin transaction;

--
-- Dumping data for table competitions
--

INSERT INTO competitions (compID, compName_en, compName_fr, compWeight, compResultsLink) VALUES
(1, 'Scavenger Hunt / Puzzle Heros', 'Chasse au trésor / Casse-tête du Héro', 10, NULL),
(2, 'Long running', 'Longue haleine', 8, NULL),
(3, 'Extreme Programming', 'Programmation Extrême', 6, NULL),
(4, 'Artificial Intelligence', 'Intelligence Artificielle', 7, NULL),
(5, 'Algorithmie', 'Algorithmic', 5, NULL),
(6, 'Relay Programming', 'Programmation à relais', 5, NULL),
(7, 'Operating System', 'Système d’exploitation', 5, NULL),
(8, 'Compilation', 'Compilation', 7, NULL),
(9, 'Software Engineering', 'Ingénierie logicielle', 6, NULL),
(10, 'Theoretical Computer Science ', 'Informatique Théorique', 5, NULL),
(11, 'Web Developpement', 'Programmation Web', 5, NULL),
(12, 'Sport & Video Game', 'Sport & Jeux Vidéo', 7, NULL),
(13, 'Reverse Ingeneering', 'Rétroingenerie', 5, NULL),
(14, 'Debugging', 'Débogage', 6, NULL),
(15, 'Mobile development', 'Developpement Mobile', 5, NULL),
(16, 'Parallel programming', 'Parallélisme', 5, NULL),
(17, 'Participation', 'Participation', 3, NULL);

-- --------------------------------------------------------

--
-- Dumping data for table delegations
--

INSERT INTO delegations (delegID, delegUniversity, delegAddress1, delegAddress2, delegAddress3, delegCity, delegProv, delegCountry, delegPostal, delegUsername, delegPassword, regIsCancelled, regDate, regCancelDate, hotelDetails, extraHotelRooms, extraHotelNights, delegAlias, delegLanguage, didFlashOut, flashOutFile, adminNotes, excludeFromOverallResults, delegSite) VALUES
(1, 'École de Technologie Supérieure1', '', NULL, NULL, '', NULL, 'Canada', NULL, '', '', 0, 'unknown', NULL, NULL, 0, 0, 'StuxnETS', 'en', 0, NULL, NULL, 0, NULL),
(2, 'École de Technologie Supérieure2', '', NULL, NULL, '', NULL, 'Canada', NULL, '', '', 0, 'unknown', NULL, NULL, 0, 0, 'BotnETS', 'en', 0, NULL, NULL, 0, NULL),
(3, 'Brock1', '', NULL, NULL, '', NULL, 'Canada', NULL, '', '', 0, 'unknown', NULL, NULL, 0, 0, 'Clone University', 'en', 0, NULL, NULL, 0, NULL),
(4, 'Brock2', '', NULL, NULL, '', NULL, 'Canada', NULL, '', '', 0, 'unknown', NULL, NULL, 0, 0, 'Clone High', 'en', 0, NULL, NULL, 0, NULL),
(5, 'Concordia1', '', NULL, NULL, '', NULL, 'Canada', NULL, '', '', 0, 'unknown', NULL, NULL, 0, 0, 'Arcologists', 'en', 0, NULL, NULL, 0, NULL),
(6, 'Concordia2', '', NULL, NULL, '', NULL, 'Canada', NULL, '', '', 0, 'unknown', NULL, NULL, 0, 0, 'Darth Raiders', 'en', 0, NULL, NULL, 0, NULL),
(7, 'Laurentian1', '', NULL, NULL, '', NULL, 'Canada', NULL, '', '', 0, 'unknown', NULL, NULL, 0, 0, 'New Sudbury Republic', 'en', 0, NULL, NULL, 0, NULL),
(8, 'Laurentian2', '', NULL, NULL, '', NULL, 'Canada', NULL, '', '', 0, 'unknown', NULL, NULL, 0, 0, 'Vault lul', 'en', 0, NULL, NULL, 0, NULL),
(9, 'Laval1', '', NULL, NULL, '', NULL, 'Canada', NULL, '', '', 0, 'unknown', NULL, NULL, 0, 0, 'Code troopers ulaval legion 1', 'en', 0, NULL, NULL, 0, NULL),
(10, 'Laval2', '', NULL, NULL, '', NULL, 'Canada', NULL, '', '', 0, 'unknown', NULL, NULL, 0, 0, 'Code troopers ulaval legion 2', 'en', 0, NULL, NULL, 0, NULL),
(11, 'Manitoba1', '', NULL, NULL, '', NULL, 'Canada', NULL, '', '', 0, 'unknown', NULL, NULL, 0, 0, 'District HEX', 'en', 0, NULL, NULL, 0, NULL),
(12, 'Manitoba2', '', NULL, NULL, '', NULL, 'Canada', NULL, '', '', 0, 'unknown', NULL, NULL, 0, 0, 'HEX-men', 'en', 0, NULL, NULL, 0, NULL),
(13, 'MCGill', '', NULL, NULL, '', NULL, 'Canada', NULL, '', '', 0, 'unknown', NULL, NULL, 0, 0, 'while (e_coyote) {}', 'en', 0, NULL, NULL, 0, NULL),
(14, 'Ottawa', '', NULL, NULL, '', NULL, 'Canada', NULL, '', '', 0, 'unknown', NULL, NULL, 0, 0, 'Yoga Rebels', 'en', 0, NULL, NULL, 0, NULL),
(15, 'Poly1', '', NULL, NULL, '', NULL, 'Canada', NULL, '', '', 0, 'unknown', NULL, NULL, 0, 0, 'PolyBlue', 'en', 0, NULL, NULL, 0, NULL),
(16, 'Poly2', '', NULL, NULL, '', NULL, 'Canada', NULL, '', '', 0, 'unknown', NULL, NULL, 0, 0, 'PolyRed', 'en', 0, NULL, NULL, 0, NULL),
(17, 'Queens', '', NULL, NULL, '', NULL, 'Canada', NULL, '', '', 0, 'unknown', NULL, NULL, 0, 0, 'Additional Pylons', 'en', 0, NULL, NULL, 0, NULL),
(18, 'Rochester1', '', NULL, NULL, '', NULL, 'Canada', NULL, '', '', 0, 'unknown', NULL, NULL, 0, 0, 'White Hats', 'en', 0, NULL, NULL, 0, NULL),
(19, 'Rochester2', '', NULL, NULL, '', NULL, 'Canada', NULL, '', '', 0, 'unknown', NULL, NULL, 0, 0, 'Black Hats', 'en', 0, NULL, NULL, 0, NULL),
(20, 'Sherbrooke1', '', NULL, NULL, '', NULL, 'Canada', NULL, '', '', 0, 'unknown', NULL, NULL, 0, 0, 'JDIs', 'en', 0, NULL, NULL, 0, NULL),
(21, 'Sherbrooke2', '', NULL, NULL, '', NULL, 'Canada', NULL, '', '', 0, 'unknown', NULL, NULL, 0, 0, 'Dark JDIs', 'en', 0, NULL, NULL, 0, NULL),
(22, 'UDEM', '', NULL, NULL, '', NULL, 'Canada', NULL, '', '', 0, 'unknown', NULL, NULL, 0, 0, 'Garbage Collectors', 'en', 0, NULL, NULL, 0, NULL),
(23, 'UQAC', '', NULL, NULL, '', NULL, 'Canada', NULL, '', '', 0, 'unknown', NULL, NULL, 0, 0, 'The John C#', 'en', 0, NULL, NULL, 0, NULL),
(24, 'UQAM1', '', NULL, NULL, '', NULL, 'Canada', NULL, '', '', 0, 'unknown', NULL, NULL, 0, 0, 'LispMachine', 'en', 0, NULL, NULL, 0, NULL),
(25, 'UQAM2', '', NULL, NULL, '', NULL, 'Canada', NULL, '', '', 0, 'unknown', NULL, NULL, 0, 0, 'ApocaLISP', 'en', 0, NULL, NULL, 0, NULL),
(26, 'UQO', '', NULL, NULL, '', NULL, 'Canada', NULL, '', '', 0, 'unknown', NULL, NULL, 0, 0, 'REI', 'en', 0, NULL, NULL, 0, NULL),
(27, 'Windsor1', '', NULL, NULL, '', NULL, 'Canada', NULL, '', '', 0, 'unknown', NULL, NULL, 0, 0, 'Tsintax Error', 'en', 0, NULL, NULL, 0, NULL),
(28, 'Windsor2', '', NULL, NULL, '', NULL, 'Canada', NULL, '', '', 0, 'unknown', NULL, NULL, 0, 0, 'Dub City', 'en', 0, NULL, NULL, 0, NULL),
(29, 'York1', '', NULL, NULL, '', NULL, 'Canada', NULL, '', '', 0, 'unknown', NULL, NULL, 0, 0, 'FluffyHackers', 'en', 0, NULL, NULL, 0, NULL),
(30, 'York2', '', NULL, NULL, '', NULL, 'Canada', NULL, '', '', 0, 'unknown', NULL, NULL, 0, 0, 'Fluffy hackers 2', 'en', 0, NULL, NULL, 0, NULL);

-- --------------------------------------------------------

--
-- Dumping data for table compscores
--

INSERT INTO compscores (compID, delegID, teamScore) VALUES
(10, 1, 18.478260869565),
(10, 2, 4.3478260869565),
(10, 3, 20.652173913043),
(10, 4, 14.130434782609),
(10, 5, 31.521739130435),
(10, 6, 16.304347826087),
(10, 7, 50),
(10, 8, 32.608695652174),
(10, 9, 70.652173913043),
(10, 10, 21.739130434783),
(10, 11, 50),
(10, 12, 19.565217391304),
(10, 13, 22.826086956522),
(10, 14, 6.5217391304348),
(10, 15, 78.260869565217),
(10, 16, 59.782608695652),
(10, 17, 47.826086956522),
(10, 18, 75),
(10, 19, 100),
(10, 20, 23.913043478261),
(10, 21, 50),
(10, 22, 71.739130434783),
(10, 23, 32.608695652174),
(10, 24, 28.260869565217),
(10, 25, 8.695652173913),
(10, 26, 8.695652173913),
(10, 27, 16.304347826087),
(10, 28, 45.652173913043),
(10, 29, 10.869565217391),
(10, 30, 8.695652173913),
(3, 1, 74.761491760624),
(3, 2, 74.154379878578),
(3, 3, 70.771899392888),
(3, 4, 28.100607111882),
(3, 5, 100),
(3, 6, 47.441457068517),
(3, 7, 55.160450997398),
(3, 8, 34.518647007806),
(3, 9, 33.651344319167),
(3, 10, 29.748482220295),
(3, 11, 34.345186470078),
(3, 12, 82.914137033825),
(3, 13, 0),
(3, 14, 48.308759757155),
(3, 15, 37.901127493495),
(3, 16, 73.287077189939),
(3, 17, 51.864700780572),
(3, 18, 56.201214223764),
(3, 19, 99.566348655681),
(3, 20, 34.60537727667),
(3, 21, 25.845620121422),
(3, 22, 71.205550737207),
(3, 23, 39.288811795317),
(3, 24, 20.988725065048),
(3, 25, 27.753686036427),
(3, 26, 8.1526452732003),
(3, 27, 33.130962705984),
(3, 28, 82.046834345186),
(3, 29, 24.631396357329),
(3, 30, 33.47788378144),
(14, 1, 85.747303543914),
(14, 2, 6.4714946070878),
(14, 3, 4.1602465331279),
(14, 4, 0),
(14, 5, 34.514637904468),
(14, 6, 0),
(14, 7, 0),
(14, 8, 0),
(14, 9, 3.6979969183359),
(14, 10, 0),
(14, 11, 15.716486902928),
(14, 12, 0),
(14, 13, 55.161787365177),
(14, 14, 12.326656394453),
(14, 15, 7.3959938366718),
(14, 16, 16.949152542373),
(14, 17, 0.30816640986133),
(14, 18, 22.650231124807),
(14, 19, 12.018489984592),
(14, 20, 12.326656394453),
(14, 21, 100),
(14, 22, 24.345146379045),
(14, 23, 9.7072419106317),
(14, 24, 4.9306625577812),
(14, 25, 32.6656394453),
(14, 26, 3.0816640986133),
(14, 27, 0.15408320493066),
(14, 28, 0.46224961479199),
(14, 29, 0),
(14, 30, 0),
(16, 1, 100),
(16, 2, 10),
(16, 3, 20),
(16, 4, 30),
(16, 5, 40),
(16, 6, 20),
(16, 7, 20),
(16, 8, 20),
(16, 9, 50),
(16, 10, 20),
(16, 11, 50),
(16, 12, 0),
(16, 13, 20),
(16, 14, 20),
(16, 15, 30),
(16, 16, 40),
(16, 17, 30),
(16, 18, 10),
(16, 19, 70),
(16, 20, 80),
(16, 21, 30),
(16, 22, 10),
(16, 23, 90),
(16, 24, 40),
(16, 25, 30),
(16, 26, 10),
(16, 27, 20),
(16, 28, 70),
(16, 29, 10),
(16, 30, 20),
(9, 3, 44),
(9, 2, 100),
(9, 1, 56),
(9, 4, 0),
(9, 5, 68),
(9, 6, 40),
(9, 7, 40),
(9, 8, 36),
(9, 9, 98),
(9, 10, 76),
(9, 11, 52),
(9, 12, 40),
(9, 13, 0),
(9, 14, 32),
(9, 15, 36),
(9, 16, 80),
(9, 17, 24),
(9, 18, 64),
(9, 19, 36),
(9, 20, 44),
(9, 21, 72),
(9, 22, 36),
(9, 23, 88),
(9, 24, 96),
(9, 25, 32),
(9, 26, 28),
(9, 27, 0),
(9, 28, 0),
(9, 29, 12),
(9, 30, 16),
(12, 1, 90.4),
(12, 2, 54.666666666667),
(12, 3, 23.733333333333),
(12, 4, 67.733333333333),
(12, 5, 59.466666666667),
(12, 6, 35.466666666667),
(12, 7, 37.866666666667),
(12, 8, 33.866666666667),
(12, 9, 70.933333333333),
(12, 10, 66.666666666667),
(12, 11, 54.933333333333),
(12, 12, 54.666666666667),
(12, 13, 0),
(12, 14, 68.8),
(12, 15, 100),
(12, 16, 91.2),
(12, 17, 56.533333333333),
(12, 18, 57.066666666667),
(12, 19, 54.933333333333),
(12, 20, 38.133333333333),
(12, 21, 65.066666666667),
(12, 22, 65.066666666667),
(12, 23, 77.866666666667),
(12, 24, 24.8),
(12, 25, 62.133333333333),
(12, 26, 67.466666666667),
(12, 27, 25.333333333333),
(12, 28, 70.133333333333),
(12, 29, 0),
(12, 30, 0),
(6, 1, 94.444444444444),
(6, 2, 9.2592592592593),
(6, 3, 33.333333333333),
(6, 4, 13.888888888889),
(6, 5, 100),
(6, 6, 23.148148148148),
(6, 7, 35.185185185185),
(6, 8, 16.666666666667),
(6, 9, 41.666666666667),
(6, 10, 46.296296296296),
(6, 11, 13.888888888889),
(6, 12, 6.4814814814815),
(6, 13, 0),
(6, 14, 87.037037037037),
(6, 15, 19.444444444444),
(6, 16, 58.333333333333),
(6, 17, 13.888888888889),
(6, 18, 55.555555555556),
(6, 19, 21.296296296296),
(6, 20, 90.740740740741),
(6, 21, 71.296296296296),
(6, 22, 23.148148148148),
(6, 23, 68.518518518519),
(6, 24, 18.518518518519),
(6, 25, 0),
(6, 26, 0),
(6, 27, 0.92592592592593),
(6, 28, 0),
(6, 29, 0),
(6, 30, 0),
(1, 1, 100),
(1, 2, 98.206218442732),
(1, 3, 0),
(1, 4, 0.41190539463194),
(1, 5, 82.261493489237),
(1, 6, 78.673930374701),
(1, 7, 43.462662769067),
(1, 8, 44.658517140579),
(1, 9, 78.740366728674),
(1, 10, 71.61838958278),
(1, 11, 40.805208610151),
(1, 12, 37.483390911507),
(1, 13, 0),
(1, 14, 42.798299229338),
(1, 15, 62.596332713261),
(1, 16, 62.729205421206),
(1, 17, 51.435025245815),
(1, 18, 96.213127823545),
(1, 19, 97.143236779166),
(1, 20, 62.596332713261),
(1, 21, 58.743024182833),
(1, 22, 40.53946319426),
(1, 23, 64.456550624502),
(1, 24, 67.645495615201),
(1, 25, 66.848259367526),
(1, 26, 45.854371512091),
(1, 27, 16.88812117991),
(1, 28, 47.050225883604),
(1, 29, 20.143502524581),
(1, 30, 12.357161838958),
(4, 1, 50),
(4, 2, 60),
(4, 3, 5),
(4, 4, 50),
(4, 5, 10),
(4, 6, 55),
(4, 7, 50),
(4, 8, 5),
(4, 9, 50),
(4, 10, 80),
(4, 11, 15),
(4, 12, 15),
(4, 13, 5),
(4, 14, 60),
(4, 15, 60),
(4, 16, 50),
(4, 17, 60),
(4, 18, 5),
(4, 19, 70),
(4, 20, 30),
(4, 21, 100),
(4, 22, 50),
(4, 23, 50),
(4, 24, 15),
(4, 25, 15),
(4, 26, 0),
(4, 27, 10),
(4, 28, 5),
(4, 29, 65),
(4, 30, 0),
(15, 7, 29.1),
(15, 6, 39.3),
(15, 5, 63.5),
(15, 4, 5),
(15, 3, 10),
(15, 2, 59),
(15, 1, 95),
(15, 8, 13.5),
(15, 9, 39.3),
(15, 10, 0),
(15, 11, 29.5),
(15, 12, 12),
(15, 13, 0),
(15, 14, 28.6),
(15, 15, 30.8),
(15, 16, 26.9),
(15, 17, 28),
(15, 18, 10.7),
(15, 19, 100),
(15, 20, 41.5),
(15, 21, 17),
(15, 22, 48.5),
(15, 23, 62.5),
(15, 24, 52),
(15, 25, 0),
(15, 26, 27.5),
(15, 27, 0),
(15, 28, 0),
(15, 29, 0),
(15, 30, 48.5),
(13, 1, 100),
(13, 2, 28.260869565217),
(13, 3, 8.695652173913),
(13, 4, 0),
(13, 5, 30.434782608696),
(13, 6, 3.9130434782609),
(13, 7, 17.391304347826),
(13, 8, 8.695652173913),
(13, 9, 15.217391304348),
(13, 10, 8.695652173913),
(13, 11, 13.04347826087),
(13, 12, 0),
(13, 13, 0),
(13, 14, 4.3478260869565),
(13, 15, 13.04347826087),
(13, 16, 19.565217391304),
(13, 17, 10.826086956522),
(13, 18, 43.478260869565),
(13, 19, 99.565217391304),
(13, 20, 26.086956521739),
(13, 21, 18.695652173913),
(13, 22, 15.217391304348),
(13, 23, 17.391304347826),
(13, 24, 17.391304347826),
(13, 25, 4.3478260869565),
(13, 26, 0),
(13, 27, 0),
(13, 28, 0),
(13, 29, 0),
(13, 30, 8.695652173913),
(7, 1, 100),
(7, 2, 10),
(7, 3, 12),
(7, 4, 3),
(7, 5, 25),
(7, 6, 2),
(7, 7, 3),
(7, 8, 1),
(7, 9, 2),
(7, 10, 6),
(7, 11, 10),
(7, 12, 3),
(7, 13, 0),
(7, 14, 35),
(7, 15, 0),
(7, 16, 14),
(7, 17, 8),
(7, 18, 37),
(7, 19, 45),
(7, 20, 23),
(7, 21, 33),
(7, 22, 0),
(7, 23, 2),
(7, 24, 20),
(7, 25, 18),
(7, 26, 3),
(7, 27, 0),
(7, 28, 0),
(7, 29, 2),
(7, 30, 0),
(17, 30, 26.923076923077),
(17, 29, 26.923076923077),
(17, 28, 15.384615384615),
(17, 27, 15.384615384615),
(17, 26, 26.923076923077),
(17, 25, 76.923076923077),
(17, 24, 76.923076923077),
(17, 23, 76.923076923077),
(17, 22, 65.384615384615),
(17, 21, 92.307692307692),
(17, 20, 92.307692307692),
(17, 19, 46.153846153846),
(17, 18, 46.153846153846),
(17, 17, 57.692307692308),
(17, 16, 69.230769230769),
(17, 15, 69.230769230769),
(17, 14, 46.153846153846),
(17, 13, 30.769230769231),
(17, 12, 57.692307692308),
(17, 11, 57.692307692308),
(17, 10, 57.692307692308),
(17, 9, 57.692307692308),
(17, 8, 76.923076923077),
(17, 7, 76.923076923077),
(17, 6, 100),
(17, 5, 100),
(17, 4, 84.615384615385),
(17, 3, 84.615384615385),
(17, 2, 88.461538461538),
(17, 1, 88.461538461538),
(8, 1, 100),
(8, 2, 60.526315789474),
(8, 3, 2.6315789473684),
(8, 4, 0),
(8, 5, 26.315789473684),
(8, 6, 14.473684210526),
(8, 7, 23.684210526316),
(8, 8, 17.105263157895),
(8, 9, 21.052631578947),
(8, 10, 26.315789473684),
(8, 11, 15.789473684211),
(8, 12, 0),
(8, 13, 18.421052631579),
(8, 14, 28.947368421053),
(8, 15, 10.526315789474),
(8, 16, 61.842105263158),
(8, 17, 7.8947368421053),
(8, 18, 7.8947368421053),
(8, 19, 26.315789473684),
(8, 20, 38.157894736842),
(8, 21, 21.052631578947),
(8, 22, 10.526315789474),
(8, 23, 2.6315789473684),
(8, 24, 85.526315789474),
(8, 25, 32.894736842105),
(8, 26, 0),
(8, 27, 0),
(8, 28, 18.421052631579),
(8, 29, 0),
(8, 30, 0),
(5, 30, 3.2679738562092),
(5, 29, 7.843137254902),
(5, 28, 0),
(5, 27, 0),
(5, 26, 8.4967320261438),
(5, 25, 3.2679738562092),
(5, 24, 29.411764705882),
(5, 23, 0),
(5, 22, 0),
(5, 21, 29.411764705882),
(5, 20, 12.091503267974),
(5, 19, 100),
(5, 18, 85.62091503268),
(5, 17, 9.3137254901961),
(5, 16, 0),
(5, 15, 20.588235294118),
(5, 14, 24.509803921569),
(5, 13, 27.287581699346),
(5, 12, 13.071895424837),
(5, 11, 13.071895424837),
(5, 10, 0),
(5, 9, 40.686274509804),
(5, 8, 0),
(5, 7, 17.483660130719),
(5, 6, 24.509803921569),
(5, 5, 31.372549019608),
(5, 4, 0),
(5, 3, 21.732026143791),
(5, 2, 25.16339869281),
(5, 1, 31.535947712418),
(2, 1, 100),
(2, 2, 31.914893617021),
(2, 16, 80.851063829787),
(2, 18, 0),
(2, 19, 87.234042553191),
(11, 1, 98.684210526316),
(11, 2, 53.947368421053),
(11, 3, 1.3157894736842),
(11, 4, 5.2631578947368),
(11, 5, 80.263157894737),
(11, 6, 5.2631578947368),
(11, 7, 5.2631578947368),
(11, 8, 5.2631578947368),
(11, 9, 5.2631578947368),
(11, 10, 0),
(11, 11, 5.2631578947368),
(11, 12, 5.2631578947368),
(11, 13, 15.789473684211),
(11, 14, 5.2631578947368),
(11, 15, 5.2631578947368),
(11, 16, 34.210526315789),
(11, 17, 0),
(11, 18, 9.2105263157895),
(11, 19, 100),
(11, 20, 5.2631578947368),
(11, 21, 34.210526315789),
(11, 22, 94.736842105263),
(11, 23, 46.052631578947),
(11, 24, 21.052631578947),
(11, 25, 13.157894736842),
(11, 26, 18.421052631579),
(11, 27, 0),
(11, 28, 92.105263157895),
(11, 29, 5.2631578947368),
(11, 30, 18.421052631579);

-- -----------------------------------------------------------------------------
commit;
